fips,total_8_hour_outages,n_years_available,avg_customers_out,avg_customer_time_std,tot_po_yr
1001,3,3,308450,10,126
1003,2,2,190834,2,78
1005,3,1,147682,12,104
1007,10,3,171696,17,175
1009,12,3,306912,11,159
1011,5,3,49590,10,123
1013,6,3,165317,18,163
1015,7,3,943778,15,130
1017,3,3,75074,4,100
1021,6,3,684723,29,143
1025,3,3,240847,18,84
1027,6,3,154666,22,125
1029,15,3,279425,35,176
1031,3,3,72139,3,75
1037,10,3,285590,52,186
1039,4,1,185029,9,66
1041,5,3,40704,6,97
1045,2,3,120734,5,68
1047,3,3,744227,34,183
1051,5,3,567788,14,147
1053,2,3,212197,12,96
1055,6,2,255654,5,120
1057,8,3,105270,11,183
1059,0,1,22787,1,47
1061,3,3,162422,11,112
1063,2,3,17652,4,52
1065,5,3,48938,6,106
1067,4,3,122325,13,99
1069,3,3,524748,9,70
1073,10,3,1978137,5,125
1075,3,2,72638,9,96
1077,8,2,212238,4,84
1081,3,1,277876,3,87
1085,4,3,107874,19,169
1089,2,2,515794,2,85
1091,3,3,82873,8,106
1093,5,3,61558,4,123
1097,4,3,4537082,20,146
1099,4,3,175843,16,106
1101,3,3,666797,5,124
1105,8,3,148760,34,134
1107,5,3,118642,11,151
1111,8,3,266625,22,150
1113,3,3,100258,3,81
1117,6,3,1135231,10,122
1115,11,3,419556,9,153
1119,3,3,34346,5,104
1121,6,3,603687,14,139
1123,7,3,368384,16,166
1125,8,3,517791,5,136
1127,10,3,323605,9,218
1131,6,3,222103,41,168
1133,5,3,96070,7,178
2068,0,3,116,0,2
2240,1,3,16579,5,27
4001,1,3,51255,2,42
4012,0,3,1629,0,1
4015,1,3,72922,1,24
4017,1,3,119651,3,73
4025,3,2,410770,3,112
5001,14,3,351365,33,192
5003,8,3,210193,19,99
5005,3,3,93532,4,118
5007,1,3,531197,4,75
5009,4,3,77043,4,72
5011,6,3,81049,13,102
5013,6,3,60540,24,149
5015,1,3,31318,2,66
5017,7,3,121506,21,128
5019,7,3,244636,21,109
5023,1,3,20723,1,38
5029,3,3,51588,4,49
5033,6,3,143401,4,84
5035,4,3,92203,3,50
5037,6,1,90797,10,123
5039,12,2,184934,44,124
5041,6,3,102004,14,100
5043,8,3,228511,23,92
5045,1,1,104664,2,63
5047,4,3,48860,5,80
5049,4,3,41496,6,132
5051,10,3,348485,6,124
5053,7,3,126638,13,94
5055,0,3,19956,1,34
5057,8,2,86007,8,80
5059,10,2,388158,22,138
5061,2,2,8720,1,14
5063,3,3,95001,5,98
5067,4,2,43665,5,68
5069,18,3,907956,24,166
5071,7,3,82875,6,87
5075,3,3,47222,5,95
5077,6,3,40101,9,130
5081,4,3,37131,5,94
5083,5,3,47382,4,87
5085,6,3,181377,5,119
5087,1,3,31914,4,66
5091,5,3,117674,5,109
5093,6,2,114421,5,76
5095,7,3,63105,14,122
5097,5,2,57486,11,126
5099,6,3,61761,14,64
5103,10,3,452624,34,173
5105,1,3,32891,6,73
5107,8,3,203487,19,140
5109,7,2,126034,21,55
5111,3,3,71866,5,95
5113,1,3,11883,1,26
5115,4,1,172878,5,123
5117,8,3,80061,15,151
5119,12,3,1755118,8,131
5121,1,3,20212,2,30
5125,5,3,279761,5,101
5127,2,3,30205,6,74
5129,3,3,16924,4,59
5131,4,3,260773,4,67
5133,7,3,120160,15,124
5135,1,3,53746,5,140
5123,4,2,204542,16,130
5139,22,3,441949,20,251
5141,2,3,35872,4,91
5143,1,3,232558,2,64
5145,3,3,139834,3,99
5147,3,3,25013,6,76
5149,7,3,81730,8,120
6003,5,3,275,1,85
6007,10,2,996396,10,140
6009,13,3,436224,22,180
6017,13,3,1731819,20,175
6021,2,3,45919,4,102
6023,10,2,871666,14,192
6037,0,1,7815756,2,58
6039,5,2,278522,5,116
6041,6,2,1185126,9,110
6045,5,3,352321,9,162
6051,0,3,2196,0,3
6053,6,2,983536,6,150
6055,18,2,1375384,23,222
6057,12,2,1553474,32,195
6063,0,3,1162,0,2
6067,1,2,1237680,2,80
6079,2,2,325292,3,114
6081,5,2,1188202,4,102
6083,3,3,723548,4,197
6087,13,2,1416870,12,172
6089,12,2,1544277,18,124
6091,2,3,1107,1,9
6097,17,2,3866480,17,168
6103,6,3,542233,19,147
6109,8,3,488637,18,113
6111,2,3,1270652,4,201
6115,0,3,11794,0,0
8001,3,2,864996,4,78
8005,2,2,774602,2,92
8007,0,3,7803,1,12
8013,3,3,298045,2,67
8014,0,3,57631,2,29
8019,4,2,53224,9,100
8021,2,3,40384,10,38
8023,0,3,7242,4,25
8031,2,3,1361759,4,105
8035,2,2,217882,1,53
8039,1,1,21892,2,43
8045,1,1,77360,3,94
8059,4,2,960778,3,98
8067,1,1,42685,1,14
8075,2,2,28493,3,36
8077,1,3,116357,1,41
8085,4,1,20999,1,28
8093,2,2,56673,6,58
8097,0,1,50864,5,27
8105,1,3,18879,3,28
8111,0,1,24,0,6
8117,4,3,144790,10,98
8123,2,2,267506,2,88
9001,8,3,7551849,18,66
9003,4,3,4538813,11,49
9005,9,3,2062680,23,100
9007,7,3,1726819,21,86
9009,4,3,4865393,12,79
9011,5,3,1179786,9,65
9013,6,3,1179612,18,91
9015,10,3,1202944,22,105
10001,1,3,112164,1,45
10003,4,3,973082,3,64
10005,2,3,356684,3,92
11001,3,3,890152,3,90
12001,3,3,219576,2,74
12003,2,3,53622,5,93
12005,0,1,272730,3,132
12007,1,3,36534,3,78
12009,1,3,538642,2,105
12011,1,2,1853970,2,63
12013,0,3,32266,5,61
12015,2,2,243132,2,118
12017,3,3,237692,3,113
12019,1,3,291499,3,56
12021,2,2,487330,2,128
12023,2,3,133387,4,99
12027,0,3,39453,2,94
12029,1,3,35141,4,111
12031,0,3,458875,1,84
12033,1,1,281196,2,88
12035,0,1,102805,2,88
12041,2,3,55881,6,102
12045,4,3,188662,25,97
12047,2,3,71749,12,133
12049,0,2,42966,4,110
12051,0,2,65759,4,110
12053,1,3,198045,2,88
12057,0,2,1049642,1,91
12059,7,3,153280,16,125
12063,7,1,621985,27,116
12065,3,3,112842,14,152
12067,4,2,47872,17,184
12069,0,3,286344,2,83
12071,2,2,616637,2,86
12073,2,1,403239,3,111
12075,1,3,79374,4,114
12079,2,3,43650,5,119
12081,1,3,400458,2,107
12083,4,3,462308,2,119
12085,1,3,176375,2,92
12086,2,3,2561843,2,55
12087,0,3,175520,4,89
12089,2,3,118267,3,78
12091,1,1,202335,2,84
12093,0,2,59173,3,110
12097,0,2,2208785,15,52
12099,1,3,1357985,2,86
12101,1,3,460543,2,105
12105,0,2,363276,1,74
12107,2,3,101293,3,92
12113,0,1,120557,1,95
12115,1,3,411666,2,99
12117,2,3,388806,2,87
12109,1,3,202946,2,90
12111,0,3,212592,1,84
12119,1,3,98172,1,64
12121,5,3,159207,8,177
12123,2,3,51654,5,126
12125,1,3,17060,3,45
12127,2,3,465471,2,89
12129,5,3,366759,24,155
12131,2,3,295270,8,113
12133,0,1,30629,3,111
13001,2,2,88932,10,163
13003,1,3,22503,6,74
13005,1,3,24854,5,70
13007,7,3,118773,67,103
13009,3,3,83213,4,90
13011,3,3,66452,7,102
13013,2,3,62641,2,48
13015,4,3,270375,5,88
13017,2,2,67209,8,72
13019,1,3,33692,4,35
13021,4,3,216422,3,82
13023,1,3,24401,4,18
13025,2,2,28668,3,116
13029,1,3,50138,3,84
13031,1,3,126054,3,105
13033,2,3,30296,3,44
13037,3,3,57183,24,111
13039,2,3,91274,4,87
13043,1,3,35759,7,97
13045,3,3,312771,6,110
13049,2,3,36707,8,98
13051,4,1,398798,3,94
13053,1,3,15910,5,47
13055,6,2,73852,6,124
13057,3,3,384114,3,77
13059,2,3,136885,2,65
13061,3,3,46039,28,99
13063,7,3,464374,4,106
13067,3,1,1663659,4,48
13069,2,2,129299,7,102
13073,2,3,118329,2,60
13077,4,2,437346,6,89
13079,3,3,38239,6,104
13083,5,3,68646,9,83
13085,4,3,116337,9,98
13087,6,3,420013,31,121
13089,9,3,2181278,6,150
13093,2,3,85559,14,115
13097,2,3,246355,4,80
13103,1,3,81844,3,67
13105,0,1,11452,1,42
13107,1,3,60802,6,75
13109,0,2,31802,6,84
13111,10,1,617593,42,232
13113,2,1,97108,2,70
13115,8,2,140997,3,124
13117,1,3,241575,2,67
13119,2,3,62147,6,77
13121,8,2,1439870,3,141
13123,15,3,657319,41,248
13127,2,3,162125,4,82
13129,4,2,74578,3,114
13131,5,3,380167,32,115
13133,3,3,57376,6,95
13135,4,3,1184497,3,97
13137,6,3,253652,13,100
13139,3,3,419650,5,84
13141,3,3,44997,12,160
13143,4,3,198102,13,132
13145,3,3,97463,6,93
13147,1,3,32718,2,59
13149,2,3,46030,8,83
13151,1,3,174181,2,71
13153,1,3,189127,3,59
13155,4,2,61361,14,114
13157,2,3,58317,2,75
13159,1,3,28843,4,80
13161,1,2,73557,11,112
13167,3,3,52968,12,79
13169,4,2,99988,7,90
13171,2,2,28668,3,97
13175,1,3,127650,6,47
13177,3,3,287531,21,80
13179,2,2,90877,3,113
13181,2,3,17903,4,59
13183,1,3,28493,4,83
13185,1,3,61189,1,34
13187,6,3,208579,13,127
13193,4,3,84598,14,115
13195,2,2,32035,2,55
13197,4,3,28771,7,76
13189,1,3,25714,2,70
13191,1,3,44061,6,95
13199,4,3,70041,7,116
13201,1,3,7812,3,31
13205,3,3,437849,42,100
13207,3,3,53954,4,94
13211,1,3,32118,3,100
13213,4,2,101360,6,137
13215,5,3,260114,3,78
13219,1,2,39825,2,68
13223,1,3,280159,4,66
13225,1,3,40954,3,57
13227,8,3,233561,15,150
13229,2,2,40048,4,102
13231,3,2,68396,9,68
13233,7,3,192817,10,121
13235,1,3,79587,16,70
13237,2,3,70077,6,104
13239,0,3,978,1,18
13241,6,1,99392,11,235
13243,2,3,56183,16,84
13245,2,3,163190,2,64
13247,1,3,75826,2,62
13255,0,3,32159,1,50
13257,2,3,122642,9,87
13259,1,3,536,0,13
13261,3,3,251756,16,97
13263,4,3,24361,7,92
13265,0,3,215,0,6
13267,0,3,43692,4,83
13271,1,3,33069,5,21
13273,4,3,89729,21,101
13275,4,3,152666,7,63
13277,2,3,117102,6,40
13279,0,3,32201,2,26
13281,6,1,103177,16,166
13285,1,3,51045,2,51
13287,3,3,52409,13,98
13291,9,1,317176,23,203
13293,3,3,36652,3,62
13297,1,3,81216,2,65
13299,1,2,45738,2,76
13301,2,3,15140,5,88
13303,3,3,104379,11,119
13305,2,2,67518,5,130
13307,2,3,18126,13,72
13311,8,2,319073,21,142
13315,2,3,76613,23,114
13321,3,3,272436,26,78
15003,2,3,1125703,3,171
15007,4,3,204759,8,101
16003,0,3,241,0,5
16009,1,1,7304,1,18
16011,0,1,1632,0,1
16013,2,1,2590,0,15
16015,0,3,624,0,8
16017,3,3,187041,7,61
16025,0,1,84,0,2
16033,1,2,112,0,61
16035,5,1,76361,15,45
16043,2,3,43004,7,125
16047,0,2,775,0,10
16049,4,1,48058,5,36
16053,0,2,983,0,6
16055,2,3,148333,2,44
16057,2,1,8526,0,9
16059,0,2,432,0,8
16063,0,3,341,0,4
16067,0,2,199,0,2
16069,0,1,3027,0,6
16075,0,1,8261,1,5
16079,7,1,67412,9,59
16085,0,2,425,0,8
17001,0,3,44102,1,46
17011,1,3,15487,1,23
17013,3,3,15650,8,60
17015,3,3,47666,6,48
17017,2,2,6896,1,36
17021,0,1,618,0,3
17023,1,3,19683,2,60
17027,0,1,4285,0,18
17029,0,3,16059,1,20
17033,2,3,59400,6,84
17035,0,1,305,0,2
17045,0,3,12753,1,46
17049,2,1,17980,1,45
17057,2,3,27593,2,39
17061,1,3,12492,2,52
17065,0,3,144,0,3
17067,2,3,22870,3,38
17069,1,3,16522,10,75
17071,2,3,14530,4,46
17077,0,2,8641,0,24
17079,1,3,23958,5,83
17081,1,3,21623,1,33
17083,3,3,37697,4,122
17085,1,3,31083,3,50
17101,1,3,50956,7,66
17117,2,1,57504,3,63
17119,4,3,319178,2,65
17121,1,3,15592,1,28
17123,3,3,34610,6,80
17125,1,3,17661,2,56
17109,1,3,11508,1,19
17129,1,3,8263,1,39
17131,5,3,87004,11,94
17133,1,3,25809,2,32
17137,1,3,29175,2,54
17143,7,3,338863,4,95
17149,3,3,30902,4,77
17151,2,3,17500,9,72
17153,1,3,9218,4,24
17161,4,3,961110,13,71
17165,3,3,44666,4,55
17169,0,3,6954,2,47
17171,1,3,5244,2,38
17173,0,1,486,0,2
17187,2,3,21228,3,44
17189,1,3,5379,1,25
17191,0,1,476,0,2
17193,0,1,327,0,3
18003,4,1,307730,2,64
18011,1,1,40828,1,49
18013,10,2,133873,17,176
18019,7,2,371356,7,112
18021,6,1,63220,5,58
18025,5,3,73006,15,73
18029,2,3,99017,4,59
18031,2,3,51772,4,74
18033,1,3,23922,1,30
18037,1,3,23148,1,26
18039,3,2,163971,2,48
18041,3,2,33992,3,34
18043,5,2,313652,8,78
18047,1,3,15643,1,28
18051,6,1,101374,6,71
18055,7,3,89653,6,97
18057,3,3,389551,2,55
18061,6,3,140453,8,102
18063,2,3,129699,2,53
18069,0,1,31735,2,56
18071,4,2,84644,4,58
18073,1,3,29879,2,58
18077,3,3,156163,10,66
18079,3,3,77909,6,65
18083,2,3,206097,11,66
18085,3,3,109446,3,51
18087,3,3,44141,3,47
18089,6,3,1296922,5,93
18091,7,3,204188,4,89
18095,2,1,61284,1,42
18103,1,3,16608,1,40
18105,8,2,336495,5,90
18107,0,3,5729,0,14
18109,6,3,200815,6,94
18111,1,3,17736,3,38
18113,1,3,19656,1,32
18115,2,3,11994,4,41
18119,8,3,129451,12,146
18121,3,1,33993,5,63
18125,4,1,41800,7,76
18127,3,3,152556,2,38
18129,2,2,44192,3,91
18131,1,3,6202,1,34
18133,2,3,28312,2,43
18137,3,3,74501,5,74
18143,2,2,58382,5,61
18149,1,3,20060,2,49
18151,3,3,100486,5,110
18153,6,3,68716,7,101
18155,3,3,31510,6,78
18157,2,1,176803,2,48
18161,1,3,12942,4,38
18173,1,1,135565,4,67
18175,2,2,128176,10,73
18183,0,1,17475,1,31
19007,0,1,1430,0,1
19013,2,1,110478,2,38
19023,0,2,10501,1,44
19033,2,2,79754,3,60
19041,1,1,9126,1,21
19043,0,2,16564,2,46
19045,2,1,64530,3,73
19047,0,2,4951,1,18
19051,1,1,10696,3,73
19055,2,1,23114,3,46
19057,1,3,30809,1,63
19059,1,1,41032,4,36
19061,2,1,99370,2,38
19067,3,1,31135,4,65
19071,1,3,13047,3,41
19073,5,1,72555,14,50
19077,0,1,637,0,1
19081,1,1,24443,4,40
19083,6,1,107858,11,44
19085,1,1,17187,2,41
19095,2,1,38741,4,76
19097,1,1,21613,2,40
19103,2,1,145776,2,63
19105,2,1,16802,2,59
19109,1,2,15830,2,38
19111,1,3,50005,3,56
19113,0,2,134894,1,59
19119,1,1,1226,0,4
19123,2,2,22568,2,42
19127,6,1,2060221,104,70
19129,1,3,30414,4,61
19137,1,3,10314,2,44
19139,1,2,35436,2,30
19141,0,2,7633,1,30
19143,1,1,739,0,1
19145,2,1,18796,2,35
19147,0,3,9504,2,38
19151,0,1,222,0,1
19155,1,3,98423,2,63
19163,2,3,1303303,15,62
19165,0,1,12447,2,52
19167,1,3,28096,2,33
19169,7,1,768779,16,30
19171,2,1,512814,60,57
19181,1,1,90337,4,49
19183,3,1,59159,5,48
19185,0,3,5239,2,55
19191,1,1,22560,2,45
19193,0,1,55858,1,50
19195,2,3,35327,9,54
20001,0,2,5756,1,38
20003,1,1,2550,1,8
20005,2,2,22466,3,44
20007,0,2,1269,0,7
20009,2,3,46927,3,34
20011,2,2,30434,4,57
20015,2,2,57014,2,51
20017,0,3,158,0,13
20031,3,1,14911,3,49
20037,0,2,26385,1,50
20045,4,2,157276,3,53
20051,1,3,47565,3,29
20059,12,1,109007,8,83
20061,0,3,11858,1,32
20063,0,3,112,0,0
20065,0,3,152,0,1
20071,0,3,15,0,1
20075,0,3,47,0,4
20079,2,2,27188,2,46
20083,0,3,153,0,2
20085,3,2,16862,2,30
20087,2,2,34082,3,47
20091,3,2,999873,3,48
20093,4,3,546,0,20
20103,2,2,55714,2,44
20109,0,3,9663,6,42
20111,3,1,129952,7,49
20115,2,2,11846,2,47
20117,0,2,9412,2,20
20121,2,2,108414,6,61
20127,0,2,330,0,0
20139,6,1,60811,7,51
20143,0,2,162,0,3
20145,1,3,8891,3,29
20155,1,1,49650,1,42
20161,4,2,40986,1,52
20169,0,2,25598,1,40
20171,0,3,81,0,2
20173,4,2,385710,1,56
20177,2,2,165276,2,40
20179,0,3,989,1,0
20193,1,3,7086,2,45
20197,0,1,900,0,1
20199,0,3,229,0,7
20203,0,3,76,0,6
20207,1,1,1128,1,70
21001,0,1,709,0,1
21003,2,3,51385,5,75
21005,4,3,49281,4,67
21007,2,3,33257,8,61
21011,3,3,34540,6,100
21013,5,3,72922,5,118
21015,3,3,160216,3,65
21017,2,3,28673,3,65
21021,1,3,36921,2,44
21023,1,3,30876,7,90
21029,3,3,130198,3,99
21031,1,3,16097,2,59
21035,2,3,58966,3,57
21039,3,1,21428,8,45
21043,6,3,66114,5,140
21045,1,3,19479,2,63
21049,2,3,37530,2,53
21051,5,3,59787,6,180
21053,2,3,25747,5,72
21061,2,2,51790,8,98
21067,3,3,795857,5,64
21069,3,3,45293,6,125
21071,11,3,211804,11,185
21079,1,3,31976,4,49
21081,1,3,46521,4,65
21083,2,3,70279,4,55
21089,7,3,91364,5,126
21093,0,1,38361,1,35
21095,5,3,68018,5,116
21097,2,3,25876,3,79
21099,2,2,36595,4,87
21101,2,1,77416,3,39
21103,3,3,25853,3,79
21105,1,3,13292,6,58
21109,3,3,39560,6,128
21111,5,3,1753162,4,79
21115,5,1,100702,9,171
21121,3,3,91929,6,81
21123,2,2,30852,4,34
21125,2,3,84541,3,80
21127,12,3,104601,14,196
21135,3,3,93177,14,130
21137,1,3,47105,4,81
21139,2,3,40674,8,72
21143,0,1,10092,2,44
21151,1,3,93375,2,48
21155,1,3,38250,4,63
21157,1,3,55797,3,56
21159,9,3,91915,17,138
21161,1,3,35281,4,81
21147,3,3,63473,8,104
21149,1,3,16292,3,57
21167,1,3,34135,3,53
21171,0,3,17989,3,43
21173,2,3,57455,4,59
21177,2,3,30534,2,59
21179,3,3,74879,3,115
21185,10,3,207745,7,93
21187,2,3,21110,4,92
21189,5,3,15706,7,105
21191,2,3,33821,5,81
21197,3,1,17273,3,86
21199,2,2,119551,4,128
21201,0,3,334,0,3
21203,3,3,59864,7,157
21207,1,3,31183,3,81
21209,2,3,67211,2,62
21211,3,3,43110,2,62
21215,2,3,38772,4,69
21217,0,3,6646,1,14
21219,2,2,72308,12,96
21221,2,3,83081,11,125
21223,2,3,17340,4,63
21225,2,3,27055,4,67
21229,2,3,25042,4,63
21231,3,3,65876,6,108
21233,1,3,16692,3,53
21235,3,3,109159,7,79
21237,1,1,9731,2,70
21239,4,3,289479,21,73
22001,6,3,879180,28,114
22003,23,3,677653,62,233
22005,7,3,341607,6,127
22007,3,3,163281,14,69
22009,12,3,419617,20,178
22011,25,3,1733867,92,262
22013,18,2,289674,37,175
22019,17,3,10045051,93,176
22021,8,3,186145,36,125
22023,10,3,86706,22,104
22027,12,2,274603,35,158
22029,11,3,97156,10,145
22031,18,3,412449,28,187
22033,9,3,1993885,9,152
22035,11,3,68851,26,100
22037,8,3,196008,21,196
22039,9,3,362130,22,159
22041,2,3,57479,6,71
22043,14,3,609708,65,226
22045,5,3,954700,26,125
22047,5,3,115070,8,114
22049,14,2,648936,81,134
22051,14,3,6156641,26,122
22053,16,3,736959,46,131
22055,2,3,1096683,8,56
22057,9,3,690553,14,125
22059,7,3,202592,30,78
22061,12,2,643160,26,119
22063,6,3,398666,6,165
22065,4,3,41334,8,102
22067,7,3,267549,20,97
22071,7,3,3865255,18,156
22073,12,2,3622590,45,106
22075,7,3,435729,36,109
22079,14,3,2667869,39,170
22081,0,3,5987,1,6
22083,7,3,101904,10,104
22085,21,3,751776,59,256
22087,7,3,581241,28,89
22089,6,3,431072,16,125
22091,6,3,106206,20,210
22093,2,3,77980,7,72
22095,5,3,176898,8,107
22097,6,3,899274,21,145
22099,6,3,440145,16,133
22101,5,3,329050,12,95
22103,5,3,1403570,11,129
22105,17,2,1146076,17,202
22107,12,3,116782,48,104
22111,22,2,849700,75,248
22113,5,2,1049426,35,90
22115,17,3,1091296,46,175
22117,3,3,161609,7,101
22119,16,2,375362,17,144
22121,4,3,106090,8,84
22125,7,3,150455,27,200
22127,10,3,316304,43,141
23003,4,3,265379,6,110
23007,3,3,12617,1,22
23009,6,3,593703,17,135
23015,1,3,11492,1,4
23019,6,3,1273683,14,143
23021,11,3,322141,31,139
23023,0,3,5115,0,0
23025,1,3,13484,0,8
23027,1,3,9176,0,6
23029,4,3,165960,8,114
24003,5,3,799706,3,73
24005,6,3,1455508,4,67
24510,7,3,929816,3,116
24009,4,3,182319,5,67
24011,1,3,42498,3,67
24013,6,3,223544,3,84
24015,3,3,272499,6,99
24019,1,3,44800,3,66
24023,6,3,214604,14,98
24025,6,3,600248,5,65
24027,5,3,454840,3,59
24029,2,3,55533,6,75
24031,2,3,1196138,3,72
24033,3,3,1214572,3,94
24035,2,3,67677,3,72
24039,2,3,39559,4,64
24041,1,3,44523,2,42
24045,1,3,122311,3,68
24047,2,3,118393,4,107
25001,4,3,3564992,30,123
25003,4,2,451296,7,71
25005,6,3,1517127,6,69
25007,1,3,105385,12,46
25009,6,3,2378712,7,78
25011,6,2,253113,7,73
25013,3,2,1317232,6,46
25015,4,2,427346,6,58
25017,4,3,3344773,4,52
25021,6,3,1732844,5,74
25023,6,3,3610684,16,72
25025,3,3,731760,2,90
25027,5,3,2376929,6,99
26001,15,3,200888,32,133
26003,8,2,49068,12,67
26007,3,3,23237,1,20
26009,7,3,134912,11,88
26011,12,3,237313,29,123
26013,1,2,12773,3,38
26017,5,3,200820,4,50
26019,1,3,5493,1,16
26023,9,3,309931,15,90
26025,8,3,977410,15,90
26027,4,3,45204,2,61
26029,5,3,108088,7,75
26031,6,3,211613,15,89
26033,6,3,449526,25,93
26035,10,2,326442,22,132
26037,5,3,153956,4,75
26039,3,3,68615,9,73
26043,2,3,52591,4,42
26045,6,3,345011,6,71
26047,4,3,100456,5,54
26049,12,3,1066528,5,94
26051,10,3,261242,19,125
26053,2,3,44421,5,58
26055,1,3,22787,0,23
26057,8,3,126069,7,78
26059,10,3,168200,8,102
26061,2,2,62874,4,78
26063,12,2,447854,25,99
26065,4,2,430864,3,80
26067,11,3,606174,21,121
26069,14,3,296114,20,127
26071,1,1,12369,2,52
26073,8,3,155060,5,82
26079,0,2,369,0,2
26081,11,3,4106601,13,108
26083,0,3,122,0,1
26085,6,3,180990,32,93
26087,8,3,530203,13,60
26089,0,3,6363,1,26
26091,0,2,14133,0,8
26093,8,2,1086478,12,82
26095,6,3,48569,17,52
26097,11,3,162113,24,124
26101,1,3,4579,0,17
26105,5,3,191161,12,79
26107,10,3,233883,12,113
26111,14,3,520409,12,117
26113,5,2,139311,18,108
26115,11,3,424932,6,78
26117,13,3,624022,21,131
26119,6,3,71535,13,59
26121,10,3,763489,9,99
26123,12,3,280056,12,113
26127,7,3,100837,8,82
26129,14,3,317539,27,127
26131,1,3,11905,3,30
26133,8,3,192793,17,95
26135,9,3,101215,22,87
26137,5,3,77908,6,80
26139,10,3,757365,6,79
26141,3,3,44316,6,47
26143,8,1,574653,42,124
26145,8,2,560052,6,72
26151,8,3,410077,19,64
26153,3,2,25695,6,50
26155,10,2,205132,6,83
26157,10,2,483202,18,80
27001,5,3,96412,10,121
27003,0,1,58278,0,14
27009,1,3,35080,2,42
27017,2,3,34712,2,35
27019,2,2,79284,2,56
27025,2,3,41886,2,59
27037,1,1,199455,1,36
27039,1,3,35991,4,44
27045,0,3,425,0,1
27047,1,3,77821,5,46
27049,3,3,75183,3,39
27053,5,3,1261661,2,86
27061,1,2,43991,2,48
27065,1,3,9836,1,35
27079,2,3,61781,5,58
27081,0,2,62,0,0
27095,1,3,30144,2,45
27097,1,3,23622,1,26
27099,1,3,31833,2,33
27101,3,3,34058,7,73
27105,1,2,21924,2,42
27109,1,2,75504,1,27
27111,4,1,68900,2,57
27115,1,3,32362,2,60
27117,0,3,932,0,5
27123,3,3,516952,2,68
27129,1,3,8390,1,24
27131,2,2,157307,5,56
27133,0,3,291,0,3
27139,0,3,79417,1,40
27145,1,3,75241,1,35
27137,3,2,247028,2,58
27151,0,3,429,0,0
27153,0,2,13578,1,33
27157,2,3,29984,3,54
27161,3,1,66992,7,28
27163,5,3,314526,3,71
27169,1,2,34896,1,48
28001,16,3,329175,21,324
28005,15,3,153890,21,297
28007,12,1,121913,13,144
28011,9,3,219707,13,124
28019,3,3,29460,7,89
28021,22,3,204845,51,414
28023,4,3,50157,6,124
28029,13,3,227328,17,289
28031,8,3,136643,14,144
28033,4,3,216791,2,67
28035,2,3,104981,3,80
28037,15,3,123718,30,330
28039,4,3,460950,42,124
28041,8,3,236205,45,139
28043,9,3,198685,17,112
28045,2,3,364414,12,73
28047,2,3,1629471,15,74
28049,23,3,1014328,8,176
28051,5,3,42183,5,81
28059,3,3,997902,13,109
28061,5,3,86842,10,134
28065,7,3,90973,14,137
28067,6,3,186970,5,97
28069,3,1,15787,3,93
28071,3,3,132202,5,90
28073,2,3,93583,3,73
28075,4,3,138158,3,88
28077,5,3,64370,10,143
28079,4,1,47786,4,102
28085,9,3,143554,8,236
28089,10,3,332135,6,109
28091,3,3,66843,5,97
28097,4,3,38403,6,72
28099,4,1,44184,3,90
28101,5,1,60467,6,130
28103,2,2,40897,7,55
28107,6,3,188017,11,130
28109,3,3,155907,5,116
28111,4,3,61340,10,112
28113,9,3,280369,14,157
28119,5,3,61126,15,121
28121,10,1,409162,5,96
28123,5,1,98799,7,149
28127,9,3,142124,11,177
28129,7,3,105605,13,147
28131,3,3,167477,19,96
28133,7,3,115935,10,117
28135,6,3,118140,20,124
28137,8,3,99680,7,99
28139,2,3,59461,5,82
28147,4,3,52327,7,122
28149,35,3,416318,16,323
28151,9,3,170634,7,134
28153,6,3,59306,5,114
28157,25,3,204090,46,394
28159,2,3,36825,4,55
28161,4,3,70446,10,67
29013,7,1,47808,6,87
29015,2,3,11426,1,46
29017,0,1,461,0,1
29019,1,1,81587,1,26
29021,3,1,96626,2,70
29023,2,2,82378,4,64
29027,0,3,7378,0,21
29029,2,3,29315,1,56
29031,1,1,132726,3,61
29035,0,1,13765,4,60
29037,5,1,390719,7,68
29039,1,2,59266,8,56
29041,2,1,23940,7,62
29043,4,1,74597,2,35
29047,6,1,412051,3,81
29053,2,3,20532,2,66
29055,4,2,26686,2,66
29057,0,3,519,0,12
29059,1,1,1234,0,4
29063,0,1,910,0,2
29067,10,1,64856,10,118
29069,2,1,58720,4,34
29071,3,3,103274,2,56
29073,1,3,17813,2,74
29083,1,3,19015,2,40
29085,0,2,7948,2,36
29089,2,3,17868,4,58
29093,5,3,25694,5,105
29095,6,2,2433372,6,90
29099,8,1,270207,2,84
29101,6,1,237719,9,59
29103,0,1,4531,2,29
29105,2,2,66280,4,88
29107,1,3,22158,1,40
29113,4,3,78874,3,98
29115,0,3,8538,1,19
29121,0,2,7264,1,32
29119,1,1,2464,0,20
29131,4,2,75164,6,60
29133,2,3,28665,4,47
29137,0,1,11097,2,63
29147,0,2,20618,2,52
29151,1,3,15164,2,57
29153,3,2,26346,5,101
29155,1,1,31644,4,51
29159,0,3,4747,0,21
29161,2,1,38247,2,64
29163,5,1,46018,5,105
29169,3,1,51556,3,71
29181,2,1,22019,3,67
29201,1,3,74505,4,70
29183,1,1,334594,2,61
29185,1,3,7327,1,42
29186,0,1,598,0,1
29189,8,3,1692939,3,63
29510,3,3,308087,2,51
29207,2,3,31225,2,49
29213,4,1,70464,2,68
29215,7,1,59532,5,90
29217,1,3,20996,2,37
29219,4,2,81474,5,116
29221,4,2,41714,4,106
29225,1,1,9978,1,29
29229,0,2,1764,0,8
31007,6,2,289,1,114
31019,0,2,4449,0,8
31025,0,2,39236,3,50
31033,3,1,16298,3,49
31067,0,3,7306,1,28
31101,1,3,8963,2,9
31119,0,3,3503,0,7
31131,1,2,9106,1,34
31133,0,2,98,0,1
31155,1,2,28960,2,53
31157,0,1,2054,0,5
31159,0,2,8569,1,46
31177,2,1,73510,6,45
31185,1,3,3935,0,9
32009,0,3,33,0,4
32023,1,3,391994,17,80
33001,5,3,215307,6,95
33003,6,3,284036,9,114
33005,6,3,304025,7,109
33007,5,3,106665,6,88
33009,7,3,271387,6,109
33011,6,3,606001,3,64
33013,6,3,360576,4,101
33015,6,3,1093016,6,86
33017,4,3,233640,3,73
33019,5,3,269229,11,85
34001,3,3,776003,6,72
34005,5,3,2649318,13,120
34007,4,3,1439905,6,112
34009,2,3,372113,7,78
34011,3,3,354825,6,61
34015,4,3,523456,4,95
34029,7,3,3123784,11,157
34033,3,3,226870,8,92
34037,6,3,1600334,24,130
35005,0,3,23333,1,31
35009,0,3,17655,1,23
35015,2,3,50989,2,50
35017,2,1,58013,4,68
35023,0,1,142,0,1
35025,2,3,40583,1,59
35027,2,2,78555,7,58
35029,1,1,48616,4,53
35035,1,2,132534,4,71
36001,7,3,1391355,10,120
36003,5,3,302261,15,102
36009,5,3,202724,6,70
36019,2,3,213396,6,101
36021,9,3,384529,13,133
36025,9,3,172005,8,172
36027,8,3,2105035,17,156
36029,6,3,1752965,4,81
36031,7,3,287642,16,132
36033,2,3,178676,8,72
36035,8,3,239347,10,77
36037,2,3,59688,2,42
36039,6,3,277461,14,204
36041,25,3,160865,108,106
36043,9,3,229801,8,97
36045,0,3,4341910,90,0
36049,6,3,79005,7,112
36051,4,3,102645,4,77
36053,4,3,149652,5,87
36057,4,3,100848,5,57
36065,6,3,366723,4,93
36067,3,3,427433,2,102
36071,8,3,1807070,12,133
36073,0,3,4539351,251,0
36075,5,3,279940,5,104
36079,8,3,2077406,52,160
36083,9,3,744357,10,114
36091,13,3,1524900,14,120
36093,9,3,655576,11,100
36095,5,3,92164,7,101
36099,0,3,1000,0,1
36089,0,3,60601,1,0
36105,12,3,1078627,34,183
36111,14,3,1048423,13,233
36113,10,3,714754,22,109
36115,10,3,291289,11,148
37001,5,3,620782,7,66
37003,4,3,142651,8,73
37005,3,3,28179,4,78
37007,6,3,215526,17,97
37009,4,3,71777,5,83
37013,6,2,501374,19,74
37015,5,3,94282,9,74
37017,4,3,395129,22,69
37019,5,3,2257891,31,60
37023,5,3,247744,5,55
37025,5,3,244084,3,47
37027,5,3,200366,5,72
37029,3,3,44529,9,34
37031,4,3,1912223,48,95
37033,6,3,269810,23,67
37037,10,2,711106,19,116
37039,12,1,289101,17,212
37041,1,3,28678,3,31
37043,7,1,123782,18,190
37045,8,3,175500,4,69
37047,4,3,649350,22,66
37049,3,2,1397939,26,66
37051,2,3,732200,4,35
37055,4,2,375728,17,84
37057,6,3,529213,6,74
37059,5,3,142682,7,81
37061,4,3,658491,23,77
37067,9,3,1941533,10,86
37071,10,2,366448,3,60
37073,3,3,49852,8,54
37083,2,3,75315,3,55
37085,5,3,574981,10,94
37087,6,3,416205,12,143
37089,12,3,887116,13,117
37093,4,3,176207,8,73
37095,5,2,150428,58,92
37097,6,3,503661,6,77
37099,16,3,330659,15,172
37101,9,3,704829,8,95
37103,5,3,178742,33,57
37105,4,3,248666,8,99
37109,4,3,166431,4,50
37113,0,2,1750,0,0
37115,9,3,57801,5,112
37111,9,3,132615,6,95
37121,6,3,70732,8,109
37123,7,3,253559,18,120
37125,4,3,788178,15,91
37131,5,1,54277,5,68
37133,2,3,2852160,34,75
37135,6,3,522717,7,73
37137,8,2,413990,58,101
37141,6,3,1157686,40,88
37143,2,3,26214,3,42
37149,9,3,329306,27,100
37151,9,3,636816,9,87
37153,3,3,372999,15,93
37155,11,1,2846753,47,112
37157,9,3,1069628,22,89
37161,9,3,629999,18,92
37163,4,2,1022819,33,84
37165,4,3,185535,11,74
37167,7,3,162200,5,66
37169,7,3,458927,18,87
37171,7,3,189349,5,73
37175,13,1,675915,36,156
37179,6,3,418469,4,76
37183,5,3,1994334,4,95
37189,3,3,51686,2,64
37191,2,3,447713,7,52
37193,5,3,210096,6,92
37195,0,3,40142,1,53
37197,4,3,209379,10,58
37199,3,3,46651,5,141
38013,0,2,18,0,2
38017,2,1,220653,2,21
38039,1,3,3104,2,38
38043,0,2,518,0,16
38061,2,2,12874,2,46
38063,3,2,4946,2,45
38071,0,2,259,0,1
38103,2,1,2711,1,30
39005,0,3,10048,0,0
39013,9,3,234861,8,135
39019,11,3,204383,15,129
39021,2,3,48349,3,78
39037,4,2,58255,2,64
39039,1,3,29574,2,35
39045,7,3,393759,6,134
39049,10,2,2225728,4,172
39051,0,3,10039,1,1
39053,5,3,51527,4,89
39059,5,3,93851,5,95
39063,3,3,104457,3,65
39067,12,3,167818,23,160
39071,4,3,133114,7,121
39073,22,3,303997,23,217
39077,2,3,71606,3,62
39079,6,3,95236,6,136
39083,6,3,154754,6,85
39085,6,3,692455,6,93
39087,4,3,139212,5,123
39089,8,2,418206,5,142
39097,0,3,8310,0,1
39107,0,2,6798,0,2
39111,11,3,71292,10,160
39115,0,3,3563,0,2
39117,0,1,35638,2,79
39121,7,3,57801,10,108
39125,0,3,2451,0,1
39127,8,3,177606,11,136
39129,4,3,126387,5,104
39135,4,2,95850,5,87
39141,9,3,238440,7,171
39149,2,2,59426,3,72
39167,7,3,219444,7,167
39169,3,3,197536,4,98
39171,0,3,6548,0,1
40001,2,3,39494,4,52
40003,0,3,4659,2,39
40005,1,2,1777,0,2
40009,2,3,66296,6,74
40011,1,3,4570,1,6
40013,3,1,11465,0,21
40015,3,3,125132,9,89
40017,2,2,249000,4,24
40019,8,2,66676,3,70
40021,4,2,63510,3,68
40023,0,2,43056,5,90
40027,7,1,2763316,18,40
40031,3,2,193580,3,64
40035,2,3,31019,4,87
40037,9,3,242020,7,52
40039,3,3,170537,11,83
40041,7,3,186187,8,166
40043,1,3,5759,2,9
40045,0,3,1092,0,3
40047,4,2,104588,3,55
40049,6,2,75077,5,68
40051,2,3,352374,13,91
40053,2,3,11195,4,43
40057,0,3,280,0,29
40061,1,3,16150,2,51
40063,0,3,1988,0,7
40067,0,3,1140,0,3
40069,0,2,983,0,2
40071,1,2,33410,1,28
40073,3,3,67495,8,27
40077,3,3,39456,7,142
40079,8,3,209275,8,192
40081,5,1,169337,9,47
40085,4,2,15758,3,46
40093,2,3,27553,6,43
40095,3,3,41550,5,64
40097,3,3,103385,5,109
40087,2,3,75957,4,66
40089,4,3,66000,4,127
40091,4,2,50392,4,34
40099,2,3,6593,1,21
40101,6,2,141181,4,58
40103,6,2,39303,6,49
40105,2,3,22983,4,61
40107,0,3,2214,0,1
40109,5,1,5201161,12,22
40111,1,2,74626,4,42
40113,2,3,75233,3,98
40115,3,3,61782,4,57
40117,2,2,132928,16,50
40121,3,3,159040,6,197
40123,3,3,133172,7,102
40125,8,1,828557,23,70
40127,5,3,44985,7,178
40129,2,3,27944,14,110
40131,1,3,103476,2,61
40135,4,2,108670,5,47
40137,3,2,68782,3,62
40139,1,3,22061,2,47
40141,2,3,24297,6,53
40145,2,3,87277,2,58
40147,3,3,80045,3,62
40149,2,3,52490,9,72
40151,1,3,4383,1,27
40153,0,3,3113,0,5
41001,2,3,22817,3,29
41007,0,3,523,0,0
41011,3,1,96933,3,67
41013,2,1,35633,3,34
41019,10,3,237222,4,66
41035,3,3,74657,2,67
41039,14,1,635809,3,72
41041,12,1,480837,18,98
41043,2,2,242146,4,90
41045,0,1,508,0,1
41049,1,3,28238,6,52
41057,4,3,136401,10,45
41059,4,3,164111,5,98
41061,1,3,29992,2,33
42005,7,3,222465,7,122
42007,9,1,241892,3,60
42015,1,3,19344,1,2
42017,8,3,3561312,12,119
42019,7,3,1070328,11,114
42021,6,3,304238,4,136
42023,3,3,2902,1,28
42025,4,3,147556,5,93
42029,10,3,2766815,12,149
42031,8,3,176180,9,111
42033,5,3,249248,7,163
42035,0,3,4189,0,2
42037,6,3,192377,6,140
42041,4,3,230841,2,93
42043,2,3,293952,2,96
42045,5,3,2233718,9,125
42049,5,3,573188,4,132
42051,5,3,247142,4,100
42053,21,3,102412,44,229
42057,1,3,5995,1,4
42059,1,3,18774,1,8
42061,0,3,9648,0,1
42063,7,3,257813,6,174
42065,6,3,162257,7,137
42067,3,3,53927,5,79
42069,3,3,219977,2,89
42071,2,3,416139,2,77
42077,4,3,548906,3,107
42079,4,3,401141,3,89
42081,4,3,128862,2,93
42083,0,3,10578,1,1
42089,6,3,1584314,23,155
42091,5,3,3993120,10,102
42093,2,3,34946,4,57
42095,4,3,773229,6,115
42097,4,3,143503,3,90
42101,1,2,1529064,2,60
42103,8,3,859878,33,142
42105,0,3,5584,1,17
42107,4,3,212088,3,103
42109,5,3,69371,4,104
42111,5,3,167420,5,118
42113,2,3,3191,1,21
42115,1,3,12926,1,2
42117,6,3,201201,10,148
42119,4,3,72401,4,67
42121,9,3,243229,9,146
42123,0,3,13918,1,1
42127,8,3,442049,19,169
42131,9,3,107651,8,151
42133,6,3,560645,3,117
44001,4,3,237967,10,36
44003,5,3,671920,8,52
44005,3,3,154543,4,43
44007,4,3,1975268,7,83
44009,5,3,1065431,17,72
45003,2,2,255584,3,95
45007,9,3,692876,6,96
45009,0,1,12943,2,58
45011,0,1,13448,1,52
45013,3,1,542826,5,96
45015,1,1,882182,8,77
45017,2,1,31752,4,94
45019,2,2,2650973,11,92
45021,4,3,118334,4,75
45023,5,3,86633,5,72
45025,3,3,230304,9,68
45027,3,3,78019,4,87
45029,5,1,296313,14,104
45031,3,3,179021,5,78
45033,2,3,218365,14,63
45035,2,1,745102,10,63
45037,3,1,51233,4,93
45039,0,1,31005,2,60
45041,3,3,276975,4,67
45043,2,2,180969,5,39
45045,10,3,2164288,8,107
45049,3,1,41074,4,67
45051,1,2,222898,1,34
45053,2,1,55914,4,90
45055,4,1,88856,3,53
45059,4,2,102946,3,70
45063,3,2,451977,3,110
45067,5,3,185018,12,79
45065,1,1,22709,4,45
45071,0,1,1028,0,2
45073,4,3,601992,13,95
45075,4,1,91630,2,50
45077,5,3,770304,11,94
45079,3,1,612778,3,93
45081,3,1,50571,5,105
45089,3,3,83021,5,63
45091,4,1,504504,3,70
46055,0,1,154,0,1
46063,2,1,1404,2,6
46071,1,1,1232,1,1
46075,0,1,115,0,1
46077,10,3,3314,1,12
46079,2,3,2958,0,42
46083,1,1,60186,2,54
46097,0,1,146,0,1
46099,2,2,348671,3,70
46101,1,2,856,0,15
46105,0,2,120,0,2
46111,0,2,52,0,0
47003,2,3,37841,2,60
47007,2,2,27128,4,111
47009,5,2,306600,5,134
47011,3,3,174738,3,98
47021,2,2,93648,5,106
47023,0,2,18398,2,30
47025,2,2,23544,1,62
47029,3,3,94277,5,142
47031,2,3,62686,2,56
47033,0,3,29861,4,57
47035,1,3,117978,3,75
47037,6,1,7361656,19,86
47047,2,3,72429,4,101
47049,2,2,54040,6,68
47057,6,3,58925,5,133
47059,2,3,58105,2,72
47061,3,3,43549,7,78
47063,4,1,100525,3,75
47073,5,3,160373,5,123
47079,4,1,179788,10,92
47089,0,3,13722,1,20
47095,1,2,12683,5,41
47111,1,3,55501,5,74
47113,3,1,158139,3,115
47115,4,3,27849,2,48
47117,1,3,44808,3,59
47119,2,1,332607,7,25
47107,2,2,33894,1,63
47121,4,2,37998,6,82
47123,2,1,98441,4,111
47129,0,2,234,0,0
47131,2,3,54442,3,76
47133,0,2,11091,1,52
47137,0,1,245,0,7
47139,6,1,111886,12,162
47143,1,2,52066,3,60
47145,1,2,47092,2,71
47147,2,2,114078,3,81
47149,1,3,101021,1,38
47153,1,3,16378,2,59
47155,10,1,1343782,27,140
47157,5,2,1485212,3,117
47159,0,3,59,0,0
47161,3,3,49308,7,139
47163,5,3,363023,4,99
47165,2,2,123631,1,52
47167,3,3,193285,7,72
47169,1,3,26545,6,54
47179,2,2,158770,2,68
47185,0,2,41431,3,42
47187,1,3,250535,2,59
47189,1,2,434190,6,62
48001,8,3,198530,9,152
48005,9,3,275394,7,130
48009,5,3,39786,9,63
48011,2,1,393,0,28
48015,12,2,127782,8,234
48023,1,3,760,0,7
48029,2,2,1310704,2,64
48031,0,3,9739,2,44
48033,12,1,2055,6,159
48035,4,1,39592,4,93
48037,11,3,323072,7,161
48045,4,1,543,1,40
48049,6,1,65589,3,85
48051,1,2,20566,2,38
48053,0,3,25911,1,47
48059,4,3,47475,7,107
48061,5,3,1033410,6,127
48063,3,3,77328,13,131
48065,5,3,78988,25,91
48067,2,3,75069,5,88
48071,9,3,196340,11,168
48073,13,3,220957,9,140
48075,0,3,2189,1,3
48077,3,3,26522,5,57
48081,6,3,2247,1,76
48085,2,1,874413,2,110
48087,1,3,714,1,79
48089,15,1,78902,8,256
48091,0,3,61464,1,35
48093,1,3,26215,4,59
48097,4,3,177157,9,116
48101,1,3,514,1,52
48103,26,3,21878,11,213
48105,7,1,2492,1,125
48107,2,3,39454,14,29
48117,2,3,53769,7,129
48119,0,3,837,0,1
48121,3,2,745718,2,70
48123,3,3,23571,2,87
48125,2,3,792,1,80
48129,1,3,1059,1,79
48133,3,3,83021,9,78
48135,12,1,321964,5,137
48137,0,3,322,0,7
48139,0,1,16424,0,16
48143,3,3,219973,12,106
48145,4,3,37948,5,75
48149,0,1,3277,0,9
48151,2,1,3282,2,66
48155,1,3,525,1,55
48157,6,3,887661,3,74
48161,8,2,58622,6,111
48163,1,3,11893,2,59
48165,3,3,55368,7,97
48167,6,3,624027,4,110
48169,3,3,24242,11,61
48173,30,1,5416,9,374
48179,4,3,121722,11,52
48181,2,2,176296,3,84
48183,5,3,313554,5,109
48185,4,2,100219,8,106
48187,0,1,43880,1,41
48189,5,1,143926,10,44
48191,2,3,1048,1,98
48193,2,2,12738,3,38
48195,3,1,36866,14,33
48197,4,3,2070,1,137
48199,7,3,255860,9,120
48203,3,3,156923,5,95
48207,0,3,2050,1,1
48209,1,3,125222,1,53
48211,1,3,15466,8,47
48213,9,3,259778,6,139
48217,0,3,18261,1,37
48219,2,3,29819,3,60
48221,1,3,70564,2,75
48223,4,3,106646,6,128
48225,9,3,167457,15,153
48231,0,2,75101,2,77
48233,11,1,107494,11,62
48237,2,3,26970,6,84
48243,8,3,1517,1,105
48245,15,3,4164328,33,145
48249,5,3,113185,6,152
48253,2,3,49885,7,69
48257,6,1,263211,5,125
48261,3,3,437,2,57
48263,1,3,339,1,42
48269,0,3,29,0,10
48273,2,3,155406,11,110
48275,2,3,1385,1,94
48277,3,3,75542,3,82
48279,0,3,12214,2,26
48283,4,3,9570,3,69
48285,2,3,22316,2,66
48287,0,1,2924,0,22
48291,13,3,362418,10,185
48293,6,2,50402,5,98
48297,4,3,42132,8,140
48301,21,3,2621,53,187
48303,4,3,404261,3,69
48305,7,3,55775,19,141
48313,4,2,81634,14,108
48315,4,3,93287,16,141
48317,18,1,6319,3,383
48311,0,3,20,0,9
48325,3,3,40302,2,50
48329,7,1,233528,3,113
48335,6,1,65632,20,131
48337,2,3,77023,7,88
48339,11,2,2585212,9,180
48341,2,1,9778,1,5
48343,3,3,37966,6,82
48345,1,3,385,1,48
48349,7,3,82946,4,96
48357,1,3,24424,5,75
48359,1,1,539,1,1
48361,11,3,2060773,49,88
48363,4,1,149507,11,128
48365,2,2,48424,4,60
48367,7,3,275439,5,102
48369,1,3,28055,6,77
48371,0,1,37075,6,87
48373,3,3,106235,4,109
48375,5,1,284579,5,77
48381,2,1,118668,2,42
48387,2,3,21203,3,68
48389,8,3,60671,12,208
48393,1,3,157,0,58
48395,1,2,56738,7,54
48397,3,1,163819,3,82
48401,7,3,131209,5,115
48407,3,3,90345,7,141
48415,5,1,19491,2,39
48417,5,3,2113,1,159
48421,2,1,5972,4,8
48425,2,3,33545,8,60
48427,0,3,15394,1,20
48429,5,3,39230,9,85
48433,4,3,1065,1,94
48439,7,2,3352640,4,102
48443,0,3,21,0,7
48447,4,3,834,1,73
48453,0,3,415287,1,47
48455,10,1,200607,25,183
48457,6,3,124316,13,184
48459,5,3,196199,11,143
48463,0,3,10567,1,31
48467,7,3,202198,8,156
48471,7,2,226098,8,160
48473,21,1,164399,8,296
48475,6,3,38098,7,130
48477,0,1,15479,1,35
48481,14,3,148633,7,194
48485,5,3,185533,3,80
48489,6,3,236030,31,104
48491,0,3,166029,1,45
48493,0,1,8575,0,24
48495,3,3,26600,8,98
48497,6,3,132661,4,111
48499,3,1,82700,4,97
48501,2,3,12380,3,61
48503,4,3,32093,3,73
50001,2,2,47432,2,86
50003,5,3,153189,7,99
50007,3,3,115746,1,58
50009,4,3,134980,35,81
50015,0,2,1472,0,2
50017,4,3,168242,10,114
50019,1,2,52731,3,74
50021,4,3,144936,4,93
50023,3,3,154044,4,81
50025,8,3,401723,15,138
50027,6,3,429164,12,142
51001,2,3,117183,7,121
51003,19,3,856687,17,184
51005,5,3,56085,7,96
51007,6,3,132411,22,121
51011,4,3,46772,6,92
51015,4,3,362403,10,107
51017,6,3,47211,20,120
51019,15,3,446493,12,165
51023,12,3,219826,14,177
51025,5,3,102056,14,106
51029,8,3,96027,14,108
51031,10,3,213947,8,133
51033,2,3,47715,4,70
51037,8,3,169085,30,132
51043,2,3,30431,4,84
51045,8,3,65742,24,111
51047,5,3,180552,9,67
51049,6,3,84153,18,110
51590,8,3,416439,18,97
51053,8,3,154825,12,122
51057,3,3,61072,11,79
51061,11,3,404960,13,126
51065,4,3,83413,7,87
51069,3,3,153248,4,61
51079,2,3,39011,4,60
51081,2,3,20743,5,62
51083,7,3,364033,21,136
51089,0,2,17036,1,1
51091,4,3,21423,16,66
51097,5,3,66913,20,83
51099,4,3,87717,8,78
51103,7,3,149925,23,90
51105,2,3,28705,3,56
51107,7,3,575074,4,62
51109,6,3,115460,7,122
51111,8,3,157533,30,124
51113,4,3,34386,6,84
51117,6,3,299616,20,147
51125,6,3,138199,18,154
51131,2,3,49793,8,93
51133,5,3,210112,30,98
51135,5,3,132098,19,105
51137,3,3,133839,8,87
51139,3,3,45515,4,82
51143,5,3,402164,13,116
51145,8,3,221314,17,107
51147,5,3,275569,31,111
51153,2,3,459698,3,56
51157,5,3,29377,8,81
51161,18,3,427346,9,166
51163,10,3,107290,10,145
51165,2,2,123053,3,130
51171,4,3,103914,5,104
51177,4,3,211513,4,71
51179,5,3,442524,8,82
51187,3,3,59724,3,62
51191,20,2,281459,10,212
51193,5,3,87480,9,92
51840,1,3,16462,1,32
51195,4,3,90363,5,133
53001,0,3,1993,0,1
53005,0,3,53437,1,21
53009,5,3,352219,9,40
53013,0,3,171,0,6
53015,0,1,79020,2,74
53017,0,3,25843,1,42
53019,5,3,54061,14,72
53023,0,1,298,0,12
53029,4,3,318181,7,71
53031,5,3,96350,5,92
53033,4,2,4223141,4,77
53035,12,1,905945,7,121
53041,4,3,204243,5,89
53043,4,3,36751,7,78
53045,4,2,177591,6,71
53051,0,2,630,0,4
53053,2,2,1497499,4,70
53055,1,3,60368,6,97
53057,6,3,297123,5,104
53063,2,3,591956,2,47
53065,8,3,320464,15,166
53073,6,2,499102,5,102
54001,0,3,6557,1,2
54003,2,3,81188,1,33
54007,3,3,11435,2,20
54013,10,3,7953,2,100
54015,7,3,9685,2,62
54017,7,3,6962,2,70
54021,7,3,8327,2,68
54023,3,3,5380,1,15
54027,1,3,10623,1,7
54031,0,3,5794,1,6
54041,1,3,7408,1,7
54063,1,3,10728,1,10
54067,0,3,12589,1,1
54071,4,3,4787,1,28
54073,0,3,2734,1,16
54075,1,3,5712,1,17
54077,0,3,10832,1,1
54083,1,3,9481,1,1
54085,5,3,9075,2,41
54087,0,3,12806,2,11
54089,0,3,6516,1,4
54091,1,3,5362,1,2
54093,2,3,4077,1,20
54095,4,3,6884,2,42
54097,0,3,7176,1,0
54101,1,3,9003,2,27
54103,2,3,10300,1,18
54105,4,3,4584,1,44
55001,2,3,41386,4,54
55003,2,1,27857,3,61
55005,2,3,71989,3,32
55007,4,1,73642,8,105
55009,2,3,339531,2,58
55017,2,3,55271,2,46
55019,2,3,119638,7,54
55021,1,3,66790,2,50
55025,0,3,161871,1,30
55027,1,3,69269,2,47
55029,3,3,91744,5,69
55035,1,3,57752,1,45
55037,0,3,1502,1,1
55039,1,3,117947,2,38
55041,3,3,79608,15,79
55047,2,3,38230,4,66
55049,1,3,32951,3,66
55057,2,3,25465,2,35
55059,3,3,187881,2,57
55063,2,3,117276,2,34
55065,0,1,14221,2,39
55067,4,3,147181,13,84
55069,7,3,200201,12,76
55071,1,3,60571,1,30
55073,2,3,214603,3,61
55075,4,3,165155,7,93
55077,1,3,37712,4,49
55078,1,3,24511,14,58
55079,5,3,906097,2,105
55081,2,3,28115,1,38
55083,4,3,174540,8,55
55085,7,3,240031,12,111
55087,0,3,537619,6,41
55089,3,3,111298,2,50
55091,2,3,9240,2,44
55095,5,3,163472,7,67
55097,2,3,396896,11,59
55099,1,3,8775,1,26
55101,3,3,291683,3,65
55105,1,3,101003,1,53
55107,1,3,13765,2,22
55111,2,3,54132,2,52
55113,2,1,37409,4,56
55115,2,3,93758,4,46
55117,2,3,113926,2,35
55109,2,3,81946,2,68
55123,3,3,30380,2,56
55125,8,3,151622,10,118
55127,4,3,126770,2,60
55129,1,3,8951,1,27
55131,1,3,97972,1,48
55133,4,3,499685,2,79
55135,1,3,212138,7,58
55137,2,3,33947,3,83
55139,1,3,84865,1,32
55141,1,3,130838,3,27
4007,0,3,2699,0,0
5021,0,1,459,0,0
5065,0,3,148,0,0
5073,0,2,6,0,0
5089,0,1,810,0,0
5101,0,1,399,0,0
5137,0,1,346,0,0
6005,0,3,2259,0,0
6011,0,3,1061,0,0
6015,0,3,361,0,0
6027,0,3,272,0,0
6031,0,3,3294,0,0
6033,0,3,2321,0,0
6035,0,3,462,0,0
6043,0,3,1300,0,0
6061,0,1,3762,0,0
6069,0,3,922,0,0
6093,0,2,1280,0,0
6101,0,2,2024,0,0
6107,0,2,15276,0,0
8003,0,3,280,0,0
8009,0,3,3,0,0
8015,0,2,248,0,0
8017,0,1,801,1,0
8029,0,2,201,0,0
8033,0,1,6,0,0
8037,0,1,251,0,0
8063,0,1,825,0,0
8065,0,3,143,0,0
8073,0,1,352,0,0
8091,0,1,62,0,0
8113,0,1,145,0,0
8119,0,1,184,0,0
12037,0,3,797,0,0
12043,0,2,588,0,0
12055,0,2,1948,0,0
12061,0,1,5934,0,0
12103,0,2,55377,0,0
13035,0,3,359,0,0
13065,0,3,47,0,0
13125,0,3,174,0,0
13163,0,1,607,0,0
13165,0,3,194,0,0
13221,0,3,926,0,0
13249,0,3,192,0,0
13269,0,3,976,0,0
13289,0,1,56,0,0
13319,0,3,244,0,0
16005,0,1,3315,0,0
16007,0,3,171,0,0
16023,0,1,125,0,0
16041,0,3,190,0,0
16051,0,1,749,0,0
16061,0,1,431,0,0
16065,0,3,407,0,0
16071,0,2,187,0,0
16081,0,3,189,0,0
17003,0,1,68,0,0
17005,0,1,4,0,0
17007,0,1,365,0,0
17009,0,1,306,0,0
17025,0,1,0,0,0
17037,0,1,596,0,0
17039,0,3,26,0,0
17041,0,1,87,0,0
17043,0,1,11116,0,0
17051,0,1,577,0,0
17053,0,1,8,0,0
17063,0,1,677,0,0
17075,0,1,15,0,0
17089,0,1,1683,0,0
17093,0,3,640,0,0
17095,0,1,19,0,0
17097,0,1,5509,0,0
17103,0,1,548,0,0
17107,0,2,20,0,0
17111,0,1,1776,0,0
17113,0,3,214,0,0
17135,0,1,235,0,0
17141,0,1,512,0,0
17145,0,2,4,0,0
17147,0,2,17,0,0
17155,0,3,16,0,0
17157,0,3,22,0,0
17175,0,2,8,0,0
17177,0,1,338,0,0
17179,0,1,44,0,0
17195,0,1,619,0,0
17197,0,1,7041,0,0
17201,0,1,1596,0,0
17203,0,2,22,0,0
18001,0,2,2096,0,0
18005,0,2,430,0,0
18007,0,3,1235,0,0
18009,0,3,1610,0,0
18015,0,2,204,0,0
18017,0,2,178,0,0
18023,0,3,313,0,0
18035,0,3,6388,0,0
18045,0,1,190,0,0
18049,0,3,221,0,0
18053,0,2,4631,0,0
18059,0,3,1949,0,0
18065,0,1,357,0,0
18067,0,3,731,0,0
18075,0,3,1576,0,0
18081,0,3,1435,0,0
18093,0,2,1065,0,0
18099,0,2,1093,0,0
18101,0,3,60,0,0
18117,0,2,136,0,0
18135,0,3,2504,0,0
18139,0,3,165,0,0
18145,0,3,288,0,0
18147,0,3,321,0,0
18159,0,3,496,0,0
18165,0,1,259,0,0
18167,0,1,1563,0,0
18169,0,3,434,0,0
18171,0,1,371,0,0
18179,0,2,1282,0,0
18181,0,3,551,0,0
19003,0,1,352,0,0
19005,0,1,157,0,0
19011,0,1,390,0,0
19017,0,2,388,0,0
19019,0,2,514,0,0
19021,0,2,368,0,0
19025,0,1,197,0,0
19027,0,1,131,0,0
19037,0,1,237,0,0
19039,0,3,446,0,0
19053,0,3,410,0,0
19065,0,1,376,0,0
19075,0,1,1115,0,0
19079,0,2,210,0,0
19087,0,1,227,0,0
19091,0,2,146,0,0
19093,0,2,194,0,0
19115,0,2,337,0,0
19131,0,1,198,0,0
19161,0,2,152,0,0
19173,0,1,457,0,0
19177,0,3,338,0,0
19187,0,1,424,0,0
19189,0,1,195,0,0
20013,0,2,76,0,0
20021,0,1,4,0,0
20023,0,3,136,0,0
20029,0,3,135,0,0
20035,0,2,284,0,0
20039,0,3,200,0,0
20041,0,2,113,0,0
20047,0,3,155,0,0
20073,0,1,2244,1,0
20077,0,2,16,0,0
20089,0,3,10,0,0
20123,0,3,117,0,0
20129,0,3,30,0,0
20137,0,3,90,0,0
20141,0,3,59,0,0
20147,0,3,347,0,0
20149,0,2,78,0,0
20153,0,3,219,0,0
20157,0,3,34,0,0
20159,0,1,115,0,0
20163,0,3,127,0,0
20165,0,2,266,0,0
20175,0,2,0,0,0
20181,0,3,399,0,0
20183,0,3,148,0,0
20185,0,3,289,0,0
20195,0,1,23,0,0
20201,0,3,128,0,0
21019,0,3,6242,0,0
21025,0,1,3362,0,0
21027,0,1,980,0,0
21037,0,3,896,0,0
21041,0,2,734,0,0
21055,0,3,237,0,0
21063,0,1,486,0,0
21065,0,1,323,0,0
21075,0,3,159,0,0
21077,0,3,404,0,0
21087,0,2,28,0,0
21091,0,1,387,0,0
21107,0,3,420,0,0
21117,0,3,2502,0,0
21119,0,3,4340,1,0
21129,0,1,316,0,0
21131,0,2,4996,1,0
21133,0,3,5252,0,0
21153,0,1,2098,0,0
21163,0,1,788,0,0
21165,0,1,2397,1,0
21175,0,1,1174,0,0
21181,0,3,410,0,0
21183,0,1,450,0,0
21193,0,3,7542,1,0
21195,0,3,13330,0,0
21205,0,1,2135,0,0
22015,0,3,23268,0,0
22017,0,3,41201,0,0
22069,0,3,10760,1,0
23001,0,3,3654,0,0
23005,0,3,10113,0,0
23011,0,3,12996,0,0
23013,0,3,3861,0,0
23017,0,3,10986,0,0
23031,0,3,7454,0,0
24001,0,3,11125,0,0
24017,0,3,4545,0,0
24021,0,3,21913,0,0
24037,0,3,4703,0,0
24043,0,3,19507,0,0
25019,0,3,374,0,0
26041,0,2,336,0,0
26159,0,2,10,0,0
26165,0,2,10,0,0
27013,0,1,412,0,0
27023,0,3,206,0,0
27043,0,2,100,0,0
27055,0,1,209,0,0
27059,0,2,310,0,0
27067,0,3,247,0,0
27103,0,1,130,0,0
27121,0,3,420,0,0
27141,0,3,264,0,0
27143,0,2,442,0,0
27149,0,3,207,0,0
27167,0,1,353,0,0
27171,0,2,1794,0,0
28053,0,3,388,0,0
28063,0,3,1147,0,0
28125,0,3,293,0,0
28143,0,3,3067,1,0
29001,0,1,636,0,0
29003,0,2,505,0,0
29005,0,2,60,0,0
29011,0,2,296,0,0
29025,0,1,363,0,0
29033,0,1,179,0,0
29045,0,1,205,0,0
29049,0,1,1238,0,0
29051,0,1,552,0,0
29061,0,2,134,0,0
29065,0,2,112,0,0
29075,0,1,47,0,0
29081,0,1,532,0,0
29087,0,2,82,0,0
29111,0,1,211,0,0
29125,0,1,342,0,0
29135,0,3,131,0,0
29139,0,3,1258,0,0
29141,0,3,208,0,0
29143,0,3,220,0,0
29145,0,1,364,0,0
29149,0,1,82,0,0
29157,0,1,88,0,0
29167,0,1,143,0,0
29173,0,1,759,0,0
29175,0,2,632,0,0
29177,0,1,1925,0,0
29179,0,1,597,0,0
29195,0,3,438,0,0
29197,0,2,138,0,0
29199,0,1,294,0,0
29203,0,1,470,0,0
29187,0,1,936,0,0
29209,0,1,2426,0,0
29211,0,2,57,0,0
29223,0,1,454,0,0
29227,0,1,40,0,0
30085,0,1,0,0,0
31017,0,2,16,0,0
31021,0,2,22,0,0
31023,0,2,10,0,0
31043,0,3,104,0,0
31045,0,3,27,0,0
31059,0,2,34,0,0
31069,0,3,15,0,0
31081,0,1,34,0,0
31089,0,2,41,0,0
31095,0,3,242,0,0
31097,0,2,177,0,0
31105,0,2,432,0,0
31123,0,2,18,0,0
31145,0,3,62,0,0
31149,0,3,7,0,0
31151,0,3,251,0,0
31161,0,3,35,0,0
31163,0,1,3,0,0
31169,0,3,302,0,0
32007,0,1,375,0,0
32013,0,2,323,0,0
32019,0,2,1023,0,0
32027,0,3,181,0,0
32029,0,3,131,0,0
34003,0,3,26431,0,0
34013,0,3,37277,0,0
34017,0,3,4081,0,0
34019,0,3,38095,1,0
34021,0,3,11098,0,0
34023,0,3,27559,0,0
34025,0,3,81327,0,0
34027,0,3,68706,0,0
34031,0,3,15597,0,0
34035,0,3,25693,0,0
34039,0,3,18667,0,0
34041,0,3,29440,1,0
35003,0,3,46,0,0
35037,0,3,71,0,0
35041,0,3,129,0,0
35047,0,2,190,0,0
35059,0,3,34,0,0
36005,0,3,4467,0,0
36007,0,3,2083,0,0
36011,0,3,5262,0,0
36013,0,3,4177,0,0
36015,0,3,1117,0,0
36017,0,3,1725,0,0
36023,0,3,4340,0,0
36047,0,3,33210,0,0
36055,0,3,15543,0,0
36059,0,3,58337,0,0
36061,0,3,3709,0,0
36063,0,3,4745,0,0
36069,0,3,2565,0,0
36077,0,3,9878,0,0
36081,0,3,31187,0,0
36085,0,3,4870,0,0
36087,0,3,11917,0,0
36097,0,3,1702,0,0
36101,0,3,6917,0,0
36103,0,3,88166,0,0
36107,0,3,2109,0,0
36109,0,3,1157,0,0
36117,0,3,7239,0,0
36119,0,3,27460,0,0
36121,0,3,4646,0,0
36123,0,3,762,0,0
37021,0,3,13849,0,0
37035,0,3,2205,0,0
37053,0,3,1172,0,0
37063,0,3,5431,0,0
37069,0,3,1008,0,0
37075,0,3,329,0,0
37077,0,1,689,0,0
37081,0,3,10821,0,0
37091,0,3,922,0,0
37107,0,3,348,0,0
37117,0,3,485,0,0
37119,0,3,57899,0,0
37127,0,2,1038,0,0
37129,0,3,3683,0,0
37145,0,1,286,0,0
37159,0,3,2781,0,0
37173,0,3,705,0,0
37177,0,3,219,0,0
37181,0,1,528,0,0
37185,0,1,242,0,0
37187,0,2,882,0,0
38003,0,2,8,0,0
38005,0,3,110,0,0
38019,0,2,4,0,0
38023,0,1,0,0,0
38027,0,2,45,0,0
38031,0,2,40,0,0
38035,0,2,741,0,0
38055,0,1,0,0,0
38067,0,2,156,0,0
38091,0,2,142,0,0
38095,0,3,24,0,0
38097,0,1,156,0,0
38099,0,1,431,0,0
38101,0,2,304,0,0
39001,0,3,4854,0,0
39003,0,3,7179,0,0
39007,0,3,26570,1,0
39009,0,3,7213,0,0
39011,0,2,1128,0,0
39015,0,3,2729,0,0
39017,0,3,3846,0,0
39023,0,3,16751,0,0
39025,0,3,2839,0,0
39027,0,3,1210,0,0
39029,0,3,17737,0,0
39031,0,3,3573,0,0
39033,0,3,5600,0,0
39035,0,3,163866,0,0
39041,0,3,12034,0,0
39043,0,3,8431,0,0
39047,0,3,965,0,0
39055,0,3,27681,1,0
39057,0,1,4362,0,0
39061,0,3,18431,0,0
39065,0,3,3948,0,0
39075,0,3,6314,0,0
39081,0,3,7332,0,0
39091,0,3,184,0,0
39093,0,3,24680,0,0
39095,0,3,24023,0,0
39099,0,3,22301,0,0
39103,0,3,20481,0,0
39105,0,3,4921,0,0
39113,0,1,10039,0,0
39119,0,3,8578,0,0
39123,0,3,7812,0,0
39131,0,2,5132,0,0
39133,0,3,27774,0,0
39137,0,3,3277,0,0
39139,0,1,12801,0,0
39143,0,3,8139,0,0
39145,0,3,7857,0,0
39147,0,2,4676,0,0
39151,0,3,33092,0,0
39153,0,3,46572,0,0
39155,0,3,25011,0,0
39157,0,3,8184,0,0
39159,0,3,2937,0,0
39161,0,3,3446,0,0
39163,0,3,3690,1,0
39165,0,3,2190,0,0
39173,0,3,14518,0,0
39175,0,3,2371,0,0
40007,0,3,678,0,0
40025,0,3,141,0,0
40029,0,3,808,0,0
40059,0,3,352,0,0
40075,0,3,1660,0,0
40143,0,3,39096,0,0
41015,0,3,357,0,0
41021,0,2,44,0,0
41023,0,3,65,0,0
41025,0,3,47,0,0
41027,0,1,247,0,0
41031,0,2,518,0,0
41033,0,3,1665,0,0
41037,0,3,313,0,0
41053,0,3,1144,0,0
41055,0,3,56,0,0
41063,0,1,192,0,0
41071,0,1,1516,0,0
42001,0,3,14381,0,0
42009,0,3,17184,1,0
42011,0,3,62710,0,0
42013,0,3,14498,0,0
42027,0,3,16935,0,0
42039,0,3,26913,1,0
42047,0,3,4362,0,0
42055,0,3,13839,0,0
42073,0,3,17638,0,0
42075,0,3,17894,0,0
42085,0,3,30734,1,0
42087,0,3,7811,0,0
42099,0,3,5742,0,0
42125,0,3,41781,0,0
42129,0,3,55659,0,0
45005,0,1,226,0,0
45047,0,1,1103,0,0
45057,0,3,1773,0,0
45061,0,3,524,0,0
45069,0,1,216,0,0
45083,0,1,10523,0,0
45085,0,3,1568,0,0
45087,0,1,153,0,0
46003,0,2,51,0,0
46011,0,2,130,0,0
46017,0,1,105,0,0
46061,0,1,443,0,0
46073,0,1,52,0,0
46085,0,1,213,0,0
46087,0,2,1020,0,0
46095,0,1,0,0,0
46117,0,1,18,0,0
46123,0,1,0,0,0
46125,0,1,0,0,0
46127,0,2,305,0,0
47015,0,3,194,0,0
47027,0,3,193,0,0
47041,0,3,39,0,0
47043,0,3,16,0,0
47055,0,1,9,0,0
47081,0,3,6,0,0
47099,0,1,764,0,0
47101,0,1,25,0,0
47141,0,2,165,0,0
47151,0,2,32,0,0
47173,0,3,616,0,0
47177,0,3,2,0,0
47181,0,1,1,0,0
48007,0,3,6032,0,0
48017,0,3,106,0,0
48019,0,3,241,0,0
48025,0,3,4232,0,0
48043,0,3,1663,0,0
48047,0,3,19,0,0
48057,0,3,3169,0,0
48069,0,1,430,0,0
48079,0,3,204,0,0
48111,0,1,239,0,0
48127,0,3,64,0,0
48131,0,3,9,0,0
48153,0,3,216,0,0
48159,0,1,1822,0,0
48175,0,3,2479,1,0
48205,0,1,197,0,0
48227,0,1,7073,0,0
48239,0,3,3305,0,0
48241,0,3,61,0,0
48247,0,3,94,0,0
48255,0,3,2196,0,0
48267,0,3,314,0,0
48271,0,3,4,0,0
48295,0,3,356,0,0
48321,0,3,7752,0,0
48323,0,3,5109,0,0
48353,0,1,3467,0,0
48355,0,3,41384,0,0
48377,0,3,1250,0,0
48379,0,3,872,0,0
48385,0,3,51,0,0
48391,0,3,3990,1,0
48399,0,3,2302,0,0
48409,0,3,9014,0,0
48435,0,1,142,0,0
48437,0,1,225,0,0
48441,0,3,10862,0,0
48445,0,2,586,0,0
48465,0,1,4807,0,0
48469,0,3,6939,0,0
48483,0,2,1035,0,0
48487,0,1,2989,0,0
48505,0,2,50,0,0
48507,0,3,149,0,0
49015,0,3,237,0,0
49017,0,3,87,0,0
49019,0,3,243,0,0
49029,0,2,248,0,0
49031,0,3,54,0,0
49033,0,3,178,0,0
49041,0,2,284,0,0
49047,0,1,359,0,0
50011,0,3,1957,0,0
50013,0,3,184,0,0
51510,0,3,1447,0,0
51009,0,1,5492,0,0
51013,0,3,4509,0,0
51021,0,3,3515,1,0
51520,0,1,5,0,0
51027,0,3,6309,1,0
51530,0,3,24,0,0
51035,0,3,9224,1,0
51036,0,3,826,0,0
51540,0,3,1198,0,0
51550,0,3,5181,0,0
51041,0,3,10452,0,0
51570,0,3,219,0,0
51580,0,3,36,0,0
51051,0,3,5487,1,0
51595,0,3,113,0,0
51059,0,3,34775,0,0
51600,0,3,197,0,0
51610,0,3,204,0,0
51063,0,3,6286,1,0
51067,0,3,14011,0,0
51630,0,3,236,0,0
51640,0,3,1600,0,0
51071,0,3,5550,1,0
51073,0,3,1954,0,0
51075,0,3,1392,0,0
51077,0,3,8044,1,0
51650,0,3,4183,0,0
51085,0,3,2567,0,0
51087,0,3,13157,0,0
51670,0,3,309,0,0
51093,0,3,1029,0,0
51095,0,3,1306,0,0
51101,0,3,450,0,0
51678,0,3,63,0,0
51680,0,3,8898,0,0
51685,0,3,42,0,0
51115,0,3,721,0,0
51119,0,3,861,0,0
51121,0,3,9593,0,0
51127,0,3,1008,0,0
51700,0,3,5453,0,0
51710,0,3,4334,0,0
51141,0,3,8982,1,0
51730,0,3,649,0,0
51735,0,3,330,0,0
51740,0,3,2117,0,0
51149,0,3,542,0,0
51155,0,3,6911,0,0
51159,0,3,283,0,0
51760,0,3,9408,0,0
51770,0,3,22026,0,0
51167,0,3,7743,1,0
51169,0,2,7060,1,0
51173,0,3,9953,1,0
51175,0,3,690,0,0
51790,0,3,324,0,0
51800,0,3,1721,0,0
51181,0,3,199,0,0
51183,0,3,385,0,0
51185,0,3,9258,0,0
51810,0,3,14327,0,0
51820,0,3,229,0,0
51830,0,3,233,0,0
51197,0,3,6574,0,0
51199,0,3,2079,0,0
53003,0,1,1225,0,0
53021,0,2,868,0,0
53025,0,3,418,0,0
53037,0,2,1035,0,0
53047,0,2,18,0,0
53071,0,2,984,0,0
53075,0,1,2301,0,0
54005,0,3,9426,1,0
54009,0,3,5021,0,0
54011,0,3,30137,1,0
54019,0,3,14765,1,0
54025,0,3,15416,1,0
54029,0,3,4019,0,0
54033,0,3,16220,0,0
54035,0,3,10123,1,0
54037,0,3,8215,0,0
54039,0,3,82625,1,0
54043,0,3,14500,1,0
54045,0,3,8608,0,0
54049,0,3,15506,0,0
54051,0,3,14111,1,0
54053,0,3,7812,1,0
54047,0,3,8034,1,0
54055,0,3,14344,0,0
54057,0,3,5061,0,0
54059,0,3,10102,1,0
54061,0,3,11802,0,0
54065,0,3,4601,0,0
54069,0,3,12856,1,0
54079,0,3,15091,0,0
54081,0,3,16281,0,0
54099,0,3,21655,1,0
54107,0,3,13719,0,0
54109,0,3,7669,1,0
55011,0,3,128,0,0
55013,0,2,288,0,0
55015,0,3,338,0,0
55023,0,3,170,0,0
55031,0,1,291,0,0
55033,0,1,323,0,0
55043,0,3,288,0,0
55045,0,3,447,0,0
55051,0,1,208,0,0
55053,0,1,111,0,0
55055,0,3,846,0,0
55061,0,3,180,0,0
55093,0,3,785,0,0
55119,0,3,207,0,0
55121,0,1,240,0,0
56001,0,2,371,0,0
56007,0,1,274,0,0
56009,0,3,2009,0,0
56017,0,3,110,0,0
56019,0,3,126,0,0
56035,0,3,182,0,0
56037,0,2,584,0,0
56041,0,3,171,0,0
56043,0,3,114,0,0